system,asset,date,direction,entry_price,base_win_rate,win_rate_adjustment,rr_ratio,features,risk_amount,is_win,pnl,final_win_rate,final_rr,capital_after
QUANTUM_INTRADAY_AI,EURUSD,2024-12-24 12:22:44.232698,BUY,1.12,0.96,-0.01,3.542,"['Enhanced 20-Criteria', 'AI Real-time', 'Market Structure', 'Session Timing']",106.11410504243173,True,400.3664224681099,0.98,3.2199999999999998,11011.776926711284
QUANTUM_INTRADAY_AI,BTC,2024-12-25 12:22:44.232537,SELL,50000.0,0.96,-0.01,3.542,"['Enhanced 20-Criteria', 'AI Real-time', 'Market Structure', 'Session Timing']",57.55567269006917,True,195.34061351177166,0.98,3.2199999999999998,5950.907882518689
QUANTUM_INTRADAY_AI,GBPUSD,2024-12-25 12:22:44.232656,BUY,1.37,0.96,-0.01,3.234,"['Enhanced 20-Criteria', 'AI Real-time', 'Market Structure', 'Session Timing']",89.23313657808683,True,212.51336060870347,0.97,2.94,9135.827018417387
PORTFOLIO_OPTIMIZED,BTC,2024-12-25 12:22:44.233335,SELL,54064.0,0.95,-0.01,3.0030000000000006,"['Portfolio Optimization', 'Correlation Analysis', 'Risk Management']",1130.156103644607,True,3473.3197657162164,0.96,2.7300000000000004,116488.93013017692
ENHANCED_ELITE_A_PLUS,ES,2024-12-27 12:22:44.232039,BUY,4005.0,0.94,-0.01,3.1185000000000005,"['Enhanced 20-Criteria', 'Market Structure', 'Portfolio Optimization']",9.586251335572468,True,23.16618484722929,0.95,2.8350000000000004,981.791318404476
ENHANCED_ELITE_A_PLUS,ES,2024-12-28 12:22:44.232087,SELL,4219.0,0.94,-0.01,3.1185000000000005,"['Enhanced 20-Criteria', 'Market Structure', 'Portfolio Optimization']",11.278238964436767,True,30.752985351877083,0.95,2.8350000000000004,1158.5768817955536
PORTFOLIO_OPTIMIZED,USDJPY,2024-12-28 12:22:44.233270,SELL,153.0,0.95,-0.01,3.0030000000000006,"['Portfolio Optimization', 'Correlation Analysis', 'Risk Management']",892.8748752010148,True,2255.1468289267177,0.96,2.7300000000000004,91542.6343490282
QUANTUM_INTRADAY_AI,BTC,2024-12-29 12:22:44.232760,BUY,49938.0,0.96,-0.01,3.234,"['Enhanced 20-Criteria', 'AI Real-time', 'Market Structure', 'Session Timing']",134.8283827882913,True,429.91561681982313,0.97,2.94,13912.753895648952
QUANTUM_INTRADAY_AI,EURUSD,2024-12-29 12:22:44.232791,BUY,1.02,0.96,-0.01,3.234,"['Enhanced 20-Criteria', 'AI Real-time', 'Market Structure', 'Session Timing']",150.6518275015953,True,530.2280267646724,0.97,2.94,15595.410776924202
QUANTUM_INTRADAY_AI,EURUSD,2024-12-29 12:22:44.232849,BUY,1.06,0.96,-0.01,3.234,"['Enhanced 20-Criteria', 'AI Real-time', 'Market Structure', 'Session Timing']",195.92689985702427,True,663.4000429243265,0.97,2.94,20256.090028626753
QUANTUM_INTRADAY_AI,USDJPY,2024-12-30 12:22:44.232634,BUY,152.0,0.96,-0.01,3.234,"['Enhanced 20-Criteria', 'AI Real-time', 'Market Structure', 'Session Timing']",82.11154218353093,True,216.8165883876064,0.97,2.94,8427.9708067407
QUANTUM_INTRADAY_AI,GBPUSD,2025-01-01 12:22:44.232745,BUY,1.36,0.96,-0.01,3.234,"['Enhanced 20-Criteria', 'AI Real-time', 'Market Structure', 'Session Timing']",127.46961808731703,True,412.38950524720786,0.97,2.94,13159.35131397891
QUANTUM_INTRADAY_AI,GBPUSD,2025-01-03 12:22:44.232768,BUY,1.35,0.96,-0.01,3.542,"['Enhanced 20-Criteria', 'AI Real-time', 'Market Structure', 'Session Timing']",139.12753895648953,True,388.7647512730834,0.98,3.2199999999999998,14301.518646922035
QUANTUM_INTRADAY_AI,GBPUSD,2025-01-06 12:22:44.232388,BUY,1.17,0.96,-0.01,3.234,"['Enhanced 20-Criteria', 'AI Real-time', 'Market Structure', 'Session Timing']",31.60711019126173,True,104.29691486676487,0.97,2.94,3265.0079339929375
QUANTUM_INTRADAY_AI,USDJPY,2025-01-07 12:22:44.232865,BUY,151.0,0.96,-0.01,3.234,"['Enhanced 20-Criteria', 'AI Real-time', 'Market Structure', 'Session Timing']",209.1165035397954,True,702.1662278138159,0.97,2.94,21613.816581793355
QUANTUM_INTRADAY_AI,GBPUSD,2025-01-13 12:22:44.232903,SELL,1.25,0.96,-0.01,3.234,"['Enhanced 20-Criteria', 'AI Real-time', 'Market Structure', 'Session Timing']",242.61319313722367,True,831.696580981538,0.97,2.94,25093.015894703905
QUANTUM_ELITE_AI,GOLD,2025-01-15 12:22:44.232281,BUY,2017.0,0.99,-0.01,4.048,"['Enhanced 20-Criteria', 'AI/ML Neural Networks', 'Portfolio Optimization', 'Market Structure']",21.59295126538412,True,76.37343830976575,0.995,3.6799999999999997,2235.6685648481775
QUANTUM_INTRADAY_AI,EURUSD,2025-01-16 12:22:44.232812,BUY,1.09,0.96,-0.01,3.234,"['Enhanced 20-Criteria', 'AI Real-time', 'Market Structure', 'Session Timing']",167.00411729727008,True,542.3761269760988,0.97,2.94,17242.787856703108
QUANTUM_INTRADAY_AI,GBPUSD,2025-01-19 12:22:44.232545,BUY,1.16,0.96,-0.01,3.234,"['Enhanced 20-Criteria', 'AI Real-time', 'Market Structure', 'Session Timing']",59.50907882518689,True,188.16699393685474,0.97,2.94,6139.074876455544
QUANTUM_ELITE_AI,GOLD,2025-01-22 12:22:44.232288,SELL,1868.0,0.99,-0.01,3.6960000000000006,"['Enhanced 20-Criteria', 'AI/ML Neural Networks', 'Portfolio Optimization', 'Market Structure']",22.356685648481776,True,80.6941737881988,0.995,3.3600000000000003,2316.3627386363764
QUANTUM_INTRADAY_AI,BTC,2025-01-28 12:22:44.232896,BUY,50907.0,0.96,-0.01,3.234,"['Enhanced 20-Criteria', 'AI Real-time', 'Market Structure', 'Session Timing']",235.98880959396925,True,662.4383543254457,0.97,2.94,24261.319313722368
QUANTUM_ELITE_AI,GOLD,2025-02-02 12:22:44.232309,SELL,2076.0,0.99,-0.01,3.6960000000000006,"['Enhanced 20-Criteria', 'AI/ML Neural Networks', 'Portfolio Optimization', 'Market Structure']",24.64521614801656,True,91.14160372929804,0.995,3.3600000000000003,2555.6632185309536
ENHANCED_ELITE_A_PLUS,GBPUSD,2025-02-03 12:22:44.232032,BUY,1.29,0.94,-0.01,3.4155,"['Enhanced 20-Criteria', 'Market Structure', 'Portfolio Optimization']",9.325987198771108,True,26.02641368013601,0.96,3.105,958.6251335572467
ENHANCED_ULTRA_ELITE,EURUSD,2025-02-05 12:22:44.232129,BUY,1.17,0.97,-0.01,3.6685,"['Enhanced 20-Criteria', 'Market Structure', 'S/R Levels', 'Portfolio Optimization']",12.341340539051647,True,33.30355321477014,0.99,3.3349999999999995,1267.4376071199347
PORTFOLIO_OPTIMIZED,USDJPY,2025-02-05 12:22:44.233219,BUY,163.0,0.95,-0.01,3.0030000000000006,"['Portfolio Optimization', 'Correlation Analysis', 'Risk Management']",740.342875688981,True,2233.654359369056,0.96,2.7300000000000004,76267.94192826716
QUANTUM_INTRADAY_AI,GBPUSD,2025-02-11 12:22:44.232418,SELL,1.33,0.96,-0.01,3.542,"['Enhanced 20-Criteria', 'AI Real-time', 'Market Structure', 'Session Timing']",35.605172758801444,True,93.18738054885051,0.98,3.2199999999999998,3653.7046564289944
PORTFOLIO_OPTIMIZED,GBPUSD,2025-02-11 12:22:44.233320,BUY,1.31,0.95,-0.01,3.289,"['Portfolio Optimization', 'Correlation Analysis', 'Risk Management']",1070.777243945713,True,3516.0297853808875,0.97,2.9899999999999998,110593.7541799522
ENHANCED_ULTRA_ELITE,USDJPY,2025-02-15 12:22:44.232202,BUY,149.0,0.97,-0.01,3.3495000000000004,"['Enhanced 20-Criteria', 'Market Structure', 'S/R Levels', 'Portfolio Optimization']",17.062979331993716,True,60.667217487678144,0.98,3.045,1766.9651506870496
QUANTUM_INTRADAY_AI,GBPUSD,2025-02-16 12:22:44.232493,BUY,1.19,0.96,-0.01,3.542,"['Enhanced 20-Criteria', 'AI Real-time', 'Market Structure', 'Session Timing']",48.077724087982396,True,130.62399049898715,0.98,3.2199999999999998,4938.396399297227
ENHANCED_ELITE_A_PLUS,USDJPY,2025-02-17 12:22:44.232017,SELL,162.0,0.94,0.0,2.8350000000000004,"['Enhanced 20-Criteria', 'Market Structure', 'Portfolio Optimization']",8.856624425060186,True,21.409400517730752,0.95,2.8350000000000004,907.0718430237494
QUANTUM_INTRADAY_AI,USDJPY,2025-02-17 12:22:44.233014,SELL,139.0,0.96,-0.01,3.234,"['Enhanced 20-Criteria', 'AI Real-time', 'Market Structure', 'Session Timing']",370.8942395333298,True,1138.8900526083482,0.97,2.94,38228.31400594133
QUANTUM_INTRADAY_AI,USDJPY,2025-02-17 12:22:44.233044,SELL,148.0,0.96,-0.01,3.234,"['Enhanced 20-Criteria', 'AI Real-time', 'Market Structure', 'Session Timing']",420.6034194314304,True,1410.4505549506139,0.97,2.94,43470.79249809365
ENHANCED_ELITE_A_PLUS,GOLD,2025-02-22 12:22:44.231962,SELL,1878.0,0.94,-0.01,3.4155,"['Enhanced 20-Criteria', 'Market Structure', 'Portfolio Optimization']",7.225770313008414,True,26.267654087004853,0.96,3.105,748.8446853878462
QUANTUM_INTRADAY_AI,BTC,2025-02-22 12:22:44.232477,SELL,49294.0,0.96,-0.01,3.234,"['Enhanced 20-Criteria', 'AI Real-time', 'Market Structure', 'Session Timing']",45.1632305368804,True,133.60570443906934,0.97,2.94,4649.928758127109
ENHANCED_ULTRA_ELITE,GBPUSD,2025-02-23 12:22:44.232136,BUY,1.2,0.97,-0.01,3.6685,"['Enhanced 20-Criteria', 'Market Structure', 'S/R Levels', 'Portfolio Optimization']",12.674376071199347,True,46.95896843431023,0.99,3.3349999999999995,1314.396575554245
QUANTUM_INTRADAY_AI,BTC,2025-02-24 12:22:44.232441,BUY,54500.0,0.96,-0.01,3.234,"['Enhanced 20-Criteria', 'AI Real-time', 'Market Structure', 'Session Timing']",38.76070862394857,True,118.78738183981311,0.97,2.94,3994.8582442346697
PORTFOLIO_OPTIMIZED,ES,2025-03-01 12:22:44.233132,BUY,4166.0,0.95,-0.01,3.289,"['Portfolio Optimization', 'Correlation Analysis', 'Risk Management']",551.276480564601,False,-551.276480564601,0.97,2.9899999999999998,54576.37157589549
PORTFOLIO_OPTIMIZED,USDJPY,2025-03-03 12:22:44.233328,SELL,136.0,0.95,-0.01,3.0030000000000006,"['Portfolio Optimization', 'Correlation Analysis', 'Risk Management']",1105.937541799522,True,2421.856184508486,0.96,2.7300000000000004,113015.61036446069
QUANTUM_INTRADAY_AI,EURUSD,2025-03-05 12:22:44.232827,SELL,1.07,0.96,-0.01,3.234,"['Enhanced 20-Criteria', 'AI Real-time', 'Market Structure', 'Session Timing']",177.2478176907975,True,622.8961728167513,0.97,2.94,18347.6779418965
QUANTUM_INTRADAY_AI,BTC,2025-03-06 12:22:44.232411,BUY,52142.0,0.96,-0.01,3.234,"['Enhanced 20-Criteria', 'AI Real-time', 'Market Structure', 'Session Timing']",34.67779400261556,True,92.73787561858813,0.97,2.94,3560.517275880144
QUANTUM_INTRADAY_AI,BTC,2025-03-06 12:22:44.232842,BUY,52609.0,0.96,-0.01,3.234,"['Enhanced 20-Criteria', 'AI Real-time', 'Market Structure', 'Session Timing']",189.4698112113868,True,645.7088645637432,0.97,2.94,19592.689985702425
QUANTUM_INTRADAY_AI,USDJPY,2025-03-06 12:22:44.232938,BUY,145.0,0.96,-0.01,3.542,"['Enhanced 20-Criteria', 'AI Real-time', 'Market Structure', 'Session Timing']",274.8816179654567,True,796.6440975121269,0.98,3.2199999999999998,28284.805894057794
QUANTUM_INTRADAY_AI,EURUSD,2025-03-07 12:22:44.232872,SELL,1.18,0.96,-0.01,3.234,"['Enhanced 20-Criteria', 'AI Real-time', 'Market Structure', 'Session Timing']",216.13816581793355,True,538.4288952869432,0.97,2.94,22152.245477080298
ENHANCED_ELITE_A_PLUS,GBPUSD,2025-03-10 12:22:44.232062,BUY,1.34,0.94,-0.01,3.4155,"['Enhanced 20-Criteria', 'Market Structure', 'Portfolio Optimization']",10.381185443594534,True,25.809877314450116,0.96,3.105,1063.9284216739036
QUANTUM_INTRADAY_AI,EURUSD,2025-03-10 12:22:44.233037,SELL,1.01,0.96,-0.01,3.234,"['Enhanced 20-Criteria', 'AI Real-time', 'Market Structure', 'Session Timing']",407.1981830101624,True,1340.5236421267978,0.97,2.94,42060.34194314304
PORTFOLIO_OPTIMIZED,GOLD,2025-03-13 12:22:44.233241,SELL,2034.0,0.95,-0.01,3.0030000000000006,"['Portfolio Optimization', 'Correlation Analysis', 'Risk Management']",801.3611572288618,True,2143.106681576344,0.96,2.7300000000000004,82279.22240446252
QUANTUM_INTRADAY_AI,USDJPY,2025-03-17 12:22:44.232820,BUY,145.0,0.96,-0.01,3.234,"['Enhanced 20-Criteria', 'AI Real-time', 'Market Structure', 'Session Timing']",172.4278785670311,True,481.99391237664065,0.97,2.94,17724.78176907975
PORTFOLIO_OPTIMIZED,NQ,2025-03-22 12:22:44.233212,BUY,14275.0,0.95,-0.01,3.289,"['Portfolio Optimization', 'Correlation Analysis', 'Risk Management']",719.7535524583258,True,2058.9323230655345,0.97,2.9899999999999998,74034.2875688981
PORTFOLIO_OPTIMIZED,USDJPY,2025-03-23 12:22:44.233234,SELL,150.0,0.95,-0.01,3.0030000000000006,"['Portfolio Optimization', 'Correlation Analysis', 'Risk Management']",779.7679218441417,True,2159.323538472,0.96,2.7300000000000004,80136.11572288617
ENHANCED_ELITE_A_PLUS,GBPUSD,2025-03-24 12:22:44.231859,BUY,1.22,0.94,0.0,2.8350000000000004,"['Enhanced 20-Criteria', 'Market Structure', 'Portfolio Optimization']",5.314839988458207,True,17.26801331585462,0.95,2.8350000000000004,548.7520121616753
ENHANCED_ULTRA_ELITE,GBPUSD,2025-03-24 12:22:44.232173,BUY,1.37,0.97,-0.01,3.6685,"['Enhanced 20-Criteria', 'Market Structure', 'S/R Levels', 'Portfolio Optimization']",14.888692356239856,True,58.993817025376295,0.99,3.3349999999999995,1547.8630526493619
QUANTUM_INTRADAY_AI,BTC,2025-03-24 12:22:44.232425,BUY,51045.0,0.96,-0.01,3.234,"['Enhanced 20-Criteria', 'AI Real-time', 'Market Structure', 'Session Timing']",36.537046564289945,True,98.87369181566854,0.97,2.94,3752.578348244663
PORTFOLIO_OPTIMIZED,BTC,2025-03-25 12:22:44.233184,SELL,45387.0,0.95,-0.01,3.0030000000000006,"['Portfolio Optimization', 'Correlation Analysis', 'Risk Management']",645.4951712728877,True,1803.3380945246145,0.96,2.7300000000000004,66352.85522181338
QUANTUM_INTRADAY_AI,GBPUSD,2025-03-27 12:22:44.232523,SELL,1.2,0.96,-0.01,3.234,"['Enhanced 20-Criteria', 'AI Real-time', 'Market Structure', 'Session Timing']",54.30880214861675,True,153.1989692494509,0.97,2.94,5584.079184111126
QUANTUM_INTRADAY_AI,USDJPY,2025-04-02 12:22:44.232858,BUY,163.0,0.96,-0.01,3.234,"['Enhanced 20-Criteria', 'AI Real-time', 'Market Structure', 'Session Timing']",202.56090028626753,True,655.5603253527839,0.97,2.94,20911.650353979538
QUANTUM_INTRADAY_AI,BTC,2025-04-05 12:22:44.232402,SELL,47549.0,0.96,-0.01,3.542,"['Enhanced 20-Criteria', 'AI Real-time', 'Market Structure', 'Session Timing']",33.58358406286482,True,109.42099397507354,0.98,3.2199999999999998,3467.779400261556
ENHANCED_ELITE_A_PLUS,NQ,2025-04-15 12:22:44.232025,SELL,14051.0,0.94,0.0,3.105,"['Enhanced 20-Criteria', 'Market Structure', 'Portfolio Optimization']",9.070718430237493,True,25.526876853361415,0.96,3.105,932.5987198771107
QUANTUM_ELITE_AI,BTC,2025-04-16 12:22:44.232317,SELL,48234.0,0.99,-0.01,4.048,"['Enhanced 20-Criteria', 'AI/ML Neural Networks', 'Portfolio Optimization', 'Market Structure']",25.556632185309535,True,110.72638128760165,0.995,3.6799999999999997,2666.3895998185553
QUANTUM_INTRADAY_AI,USDJPY,2025-04-18 12:22:44.232449,SELL,163.0,0.96,-0.01,3.542,"['Enhanced 20-Criteria', 'AI Real-time', 'Market Structure', 'Session Timing']",39.9485824423467,True,105.44510324695975,0.98,3.2199999999999998,4100.303347481629
ENHANCED_ELITE_A_PLUS,ES,2025-04-20 12:22:44.232047,SELL,4413.0,0.94,-0.01,3.1185000000000005,"['Enhanced 20-Criteria', 'Market Structure', 'Portfolio Optimization']",9.81791318404476,True,30.38677152630348,0.95,2.8350000000000004,1012.1780899307795
ENHANCED_ELITE_A_PLUS,ES,2025-04-20 12:22:44.232054,BUY,4249.0,0.94,-0.01,3.1185000000000005,"['Enhanced 20-Criteria', 'Market Structure', 'Portfolio Optimization']",10.121780899307796,True,25.940454428673785,0.95,2.8350000000000004,1038.1185443594534
QUANTUM_ELITE_AI,BTC,2025-04-20 12:22:44.232295,BUY,48769.0,0.99,-0.01,4.048,"['Enhanced 20-Criteria', 'AI/ML Neural Networks', 'Portfolio Optimization', 'Market Structure']",23.163627386363764,True,70.86640984651335,0.995,3.6799999999999997,2387.2291484828897
QUANTUM_INTRADAY_AI,GBPUSD,2025-04-24 12:22:44.232486,SELL,1.32,0.96,-0.01,3.234,"['Enhanced 20-Criteria', 'AI Real-time', 'Market Structure', 'Session Timing']",46.49928758127109,True,157.84365067113063,0.97,2.94,4807.77240879824
PORTFOLIO_OPTIMIZED,NQ,2025-04-29 12:22:44.233284,SELL,14877.0,0.95,-0.01,3.0030000000000006,"['Portfolio Optimization', 'Correlation Analysis', 'Risk Management']",939.4123597204617,True,2175.2103622818104,0.96,2.7300000000000004,96116.44633432798
PORTFOLIO_OPTIMIZED,ES,2025-05-01 12:22:44.233342,SELL,3934.0,0.95,-0.01,3.289,"['Portfolio Optimization', 'Correlation Analysis', 'Risk Management']",1164.8893013017691,True,2803.141152573285,0.97,2.9899999999999998,119292.0712827502
QUANTUM_INTRADAY_AI,GBPUSD,2025-05-02 12:22:44.232395,BUY,1.19,0.96,-0.01,3.234,"['Enhanced 20-Criteria', 'AI Real-time', 'Market Structure', 'Session Timing']",32.65007933992938,True,93.35047229354491,0.97,2.94,3358.3584062864825
QUANTUM_INTRADAY_AI,EURUSD,2025-05-03 12:22:44.232358,SELL,1.16,0.96,-0.01,3.234,"['Enhanced 20-Criteria', 'AI Real-time', 'Market Structure', 'Session Timing']",29.22583846856729,True,90.024686859153,0.97,2.94,3012.608533715882
QUANTUM_INTRADAY_AI,USDJPY,2025-05-03 12:22:44.232753,BUY,147.0,0.96,-0.01,3.234,"['Enhanced 20-Criteria', 'AI Real-time', 'Market Structure', 'Session Timing']",131.5935131397891,True,323.4869648502188,0.97,2.94,13482.83827882913
PORTFOLIO_OPTIMIZED,GOLD,2025-05-03 12:22:44.233256,BUY,2107.0,0.95,-0.01,3.289,"['Portfolio Optimization', 'Correlation Analysis', 'Risk Management']",845.2451786217093,True,2487.5988083493817,0.97,2.9899999999999998,87012.11667052032
ENHANCED_ELITE_A_PLUS,GOLD,2025-05-05 12:22:44.231294,SELL,2034.0,0.94,0.0,2.8350000000000004,"['Enhanced 20-Criteria', 'Market Structure', 'Portfolio Optimization']",5.0,True,14.711672139970277,0.95,2.8350000000000004,514.7116721399702
QUANTUM_INTRADAY_AI,GBPUSD,2025-05-05 12:22:44.232724,BUY,1.36,0.96,-0.01,3.234,"['Enhanced 20-Criteria', 'AI Real-time', 'Market Structure', 'Session Timing']",116.64881413907614,True,391.8048139838654,0.97,2.94,12056.686227891478
ENHANCED_ELITE_A_PLUS,BTC,2025-05-07 12:22:44.231924,BUY,52073.0,0.94,0.0,3.105,"['Enhanced 20-Criteria', 'Market Structure', 'Portfolio Optimization']",6.238127646532966,True,22.392605386480277,0.96,3.105,646.2053700397769
ENHANCED_ELITE_A_PLUS,ES,2025-05-07 12:22:44.232010,BUY,4427.0,0.94,-0.01,3.4155,"['Enhanced 20-Criteria', 'Market Structure', 'Portfolio Optimization']",8.598593196550299,True,25.80312285098868,0.96,3.105,885.6624425060186
PORTFOLIO_OPTIMIZED,GOLD,2025-05-10 12:22:44.233081,BUY,1986.0,0.95,-0.01,3.289,"['Portfolio Optimization', 'Correlation Analysis', 'Risk Management']",478.07400100941,True,1482.173215308852,0.97,2.9899999999999998,49289.57331624985
QUANTUM_INTRADAY_AI,EURUSD,2025-05-11 12:22:44.232560,SELL,1.18,0.96,-0.01,3.234,"['Enhanced 20-Criteria', 'AI Real-time', 'Market Structure', 'Session Timing']",63.28556869393605,True,173.51218631435884,0.97,2.94,6502.069055707963
QUANTUM_INTRADAY_AI,GBPUSD,2025-05-11 12:22:44.232910,BUY,1.37,0.96,-0.01,3.234,"['Enhanced 20-Criteria', 'AI Real-time', 'Market Structure', 'Session Timing']",250.93015894703905,True,774.1135480076157,0.97,2.94,25867.12944271152
PORTFOLIO_OPTIMIZED,BTC,2025-05-11 12:22:44.233298,SELL,50728.0,0.95,-0.01,3.0030000000000006,"['Portfolio Optimization', 'Correlation Analysis', 'Risk Management']",987.7075063552215,True,3025.8015438191574,0.96,2.7300000000000004,101796.5521793413
PORTFOLIO_OPTIMIZED,ES,2025-05-11 12:22:44.233312,BUY,4149.0,0.95,-0.01,3.0030000000000006,"['Portfolio Optimization', 'Correlation Analysis', 'Risk Management']",1042.8561361630177,True,2792.110778269545,0.96,2.7300000000000004,107077.72439457131
QUANTUM_INTRADAY_AI,EURUSD,2025-05-13 12:22:44.232509,SELL,1.1,0.96,-0.01,3.234,"['Enhanced 20-Criteria', 'AI Real-time', 'Market Structure', 'Session Timing']",50.94947562862489,True,175.37929414102751,0.97,2.94,5270.326857003516
ENHANCED_ULTRA_ELITE,GOLD,2025-05-14 12:22:44.232188,BUY,2026.0,0.97,-0.01,3.6685,"['Enhanced 20-Criteria', 'Market Structure', 'S/R Levels', 'Portfolio Optimization']",16.023263827747304,True,45.55531339804498,0.99,3.3349999999999995,1647.8816961727753
QUANTUM_INTRADAY_AI,EURUSD,2025-05-14 12:22:44.232516,SELL,1.12,0.96,-0.01,3.542,"['Enhanced 20-Criteria', 'AI Real-time', 'Market Structure', 'Session Timing']",52.70326857003516,True,160.5533578581591,0.98,3.2199999999999998,5430.880214861675
ENHANCED_ULTRA_ELITE,USDJPY,2025-05-16 12:22:44.232248,SELL,164.0,0.97,-0.01,3.3495000000000004,"['Enhanced 20-Criteria', 'Market Structure', 'S/R Levels', 'Portfolio Optimization']",19.727131058421648,True,48.371358595813355,0.98,3.045,2021.0844644379779
PORTFOLIO_OPTIMIZED,GOLD,2025-05-16 12:22:44.233160,BUY,2182.0,0.95,-0.01,3.0030000000000006,"['Portfolio Optimization', 'Correlation Analysis', 'Risk Management']",591.7822344567811,True,1507.1909179422241,0.96,2.7300000000000004,60685.41436362033
PORTFOLIO_OPTIMIZED,USDJPY,2025-05-16 12:22:44.233291,SELL,153.0,0.95,-0.01,3.289,"['Portfolio Optimization', 'Correlation Analysis', 'Risk Management']",961.1644633432797,True,2654.304301194171,0.97,2.9899999999999998,98770.75063552216
ENHANCED_ULTRA_ELITE,EURUSD,2025-05-17 12:22:44.232159,BUY,1.13,0.97,-0.01,3.6685,"['Enhanced 20-Criteria', 'Market Structure', 'S/R Levels', 'Portfolio Optimization']",13.959584238107055,True,54.854446824475126,0.99,3.3349999999999995,1450.8128706351806
QUANTUM_INTRADAY_AI,BTC,2025-05-18 12:22:44.232456,SELL,52810.0,0.96,-0.01,3.234,"['Enhanced 20-Criteria', 'AI Real-time', 'Market Structure', 'Session Timing']",41.00303347481629,True,124.75330313866228,0.97,2.94,4225.056650620291
QUANTUM_INTRADAY_AI,USDJPY,2025-05-28 12:22:44.233004,BUY,140.0,0.96,-0.01,3.234,"['Enhanced 20-Criteria', 'AI Real-time', 'Market Structure', 'Session Timing']",361.9002934344465,True,899.3946098883306,0.97,2.94,37089.42395333298
QUANTUM_INTRADAY_AI,EURUSD,2025-05-29 12:22:44.233030,SELL,1.12,0.96,-0.01,3.234,"['Enhanced 20-Criteria', 'AI Real-time', 'Market Structure', 'Session Timing']",394.0246595184125,True,1317.3523491749936,0.97,2.94,40719.81830101624
PORTFOLIO_OPTIMIZED,GOLD,2025-05-29 12:22:44.233191,SELL,2049.0,0.95,-0.01,3.0030000000000006,"['Portfolio Optimization', 'Correlation Analysis', 'Risk Management']",663.5285522181339,True,1645.4928996105893,0.96,2.7300000000000004,67998.34812142397
ENHANCED_ELITE_A_PLUS,USDJPY,2025-05-30 12:22:44.231363,SELL,139.0,0.94,0.0,2.8350000000000004,"['Enhanced 20-Criteria', 'Market Structure', 'Portfolio Optimization']",5.147116721399702,True,16.77232670585039,0.95,2.8350000000000004,531.4839988458207
ENHANCED_ELITE_A_PLUS,USDJPY,2025-05-30 12:22:44.232070,SELL,139.0,0.94,-0.01,3.4155,"['Enhanced 20-Criteria', 'Market Structure', 'Portfolio Optimization']",10.639284216739036,True,35.199360244623016,0.96,3.105,1099.1277819185266
QUANTUM_INTRADAY_AI,BTC,2025-05-30 12:22:44.232470,BUY,48091.0,0.96,-0.01,3.234,"['Enhanced 20-Criteria', 'AI Real-time', 'Market Structure', 'Session Timing']",43.71540313216411,True,144.7827404716291,0.97,2.94,4516.32305368804
ENHANCED_ULTRA_ELITE,BTC,2025-06-01 12:22:44.232166,SELL,52680.0,0.97,0.0,3.045,"['Enhanced 20-Criteria', 'Market Structure', 'S/R Levels', 'Portfolio Optimization']",14.508128706351807,True,38.05636498880486,0.98,3.045,1488.8692356239856
QUANTUM_INTRADAY_AI,GBPUSD,2025-06-02 12:22:44.232670,BUY,1.2,0.96,-0.01,3.542,"['Enhanced 20-Criteria', 'AI Real-time', 'Market Structure', 'Session Timing']",94.55491997152829,True,250.96383932424968,0.98,3.2199999999999998,9706.455836477078
QUANTUM_INTRADAY_AI,BTC,2025-06-02 12:22:44.232967,SELL,54840.0,0.96,-0.01,3.542,"['Enhanced 20-Criteria', 'AI Real-time', 'Market Structure', 'Session Timing']",309.359643336587,True,1150.8048172857598,0.98,3.2199999999999998,32086.76915094446
ENHANCED_ULTRA_ELITE,USDJPY,2025-06-03 12:22:44.232195,BUY,146.0,0.97,-0.01,3.6685,"['Enhanced 20-Criteria', 'Market Structure', 'S/R Levels', 'Portfolio Optimization']",16.478816961727752,True,58.41623702659633,0.99,3.3349999999999995,1706.2979331993715
PORTFOLIO_OPTIMIZED,EURUSD,2025-06-08 12:22:44.233305,BUY,1.1,0.95,-0.01,3.0030000000000006,"['Portfolio Optimization', 'Correlation Analysis', 'Risk Management']",1017.9655217934131,True,2489.0614369604536,0.96,2.7300000000000004,104285.61361630177
QUANTUM_INTRADAY_AI,EURUSD,2025-06-09 12:22:44.232463,BUY,1.16,0.96,-0.01,3.234,"['Enhanced 20-Criteria', 'AI Real-time', 'Market Structure', 'Session Timing']",42.250566506202915,True,146.48366259611998,0.97,2.94,4371.540313216411
QUANTUM_INTRADAY_AI,GBPUSD,2025-06-09 12:22:44.232928,BUY,1.21,0.96,-0.01,3.234,"['Enhanced 20-Criteria', 'AI Real-time', 'Market Structure', 'Session Timing']",266.74667540891375,True,813.494255654294,0.97,2.94,27488.161796545668
ENHANCED_ULTRA_ELITE,BTC,2025-06-10 12:22:44.232240,BUY,49071.0,0.97,-0.01,3.3495000000000004,"['Enhanced 20-Criteria', 'Market Structure', 'S/R Levels', 'Portfolio Optimization']",19.174441075266245,True,55.26899831554009,0.98,3.045,1972.7131058421646
ENHANCED_ELITE_A_PLUS,GOLD,2025-06-14 12:22:44.231906,BUY,1943.0,0.94,0.0,3.105,"['Enhanced 20-Criteria', 'Market Structure', 'Portfolio Optimization']",5.833489557092218,True,21.32567076469583,0.96,3.105,604.6746264739176
PORTFOLIO_OPTIMIZED,ES,2025-06-14 12:22:44.233278,BUY,4395.0,0.95,-0.01,3.0030000000000006,"['Portfolio Optimization', 'Correlation Analysis', 'Risk Management']",915.4263434902821,True,2398.6016230179694,0.96,2.7300000000000004,93941.23597204617
QUANTUM_INTRADAY_AI,GBPUSD,2025-06-18 12:22:44.232502,SELL,1.31,0.96,-0.01,3.234,"['Enhanced 20-Criteria', 'AI Real-time', 'Market Structure', 'Session Timing']",49.38396399297227,True,156.55116356526173,0.97,2.94,5094.947562862489
ENHANCED_ULTRA_ELITE,GBPUSD,2025-06-19 12:22:44.232144,SELL,1.17,0.97,-0.01,3.6685,"['Enhanced 20-Criteria', 'Market Structure', 'S/R Levels', 'Portfolio Optimization']",13.14396575554245,True,44.39036018816451,0.99,3.3349999999999995,1358.7869357424095
PORTFOLIO_OPTIMIZED,USDJPY,2025-06-21 12:22:44.233205,SELL,140.0,0.95,-0.01,3.0030000000000006,"['Portfolio Optimization', 'Correlation Analysis', 'Risk Management']",704.3116047635073,True,1544.1947694818462,0.96,2.7300000000000004,71975.35524583257
QUANTUM_INTRADAY_AI,GBPUSD,2025-06-23 12:22:44.232953,BUY,1.35,0.96,-0.01,3.542,"['Enhanced 20-Criteria', 'AI Real-time', 'Market Structure', 'Session Timing']",289.7152367388972,True,1098.6572304564677,0.98,3.2199999999999998,30070.180904346187
QUANTUM_INTRADAY_AI,BTC,2025-06-23 12:22:44.233052,SELL,52960.0,0.96,-0.01,3.234,"['Enhanced 20-Criteria', 'AI Real-time', 'Market Structure', 'Session Timing']",434.7079249809365,True,1283.61798738371,0.97,2.94,44754.41048547736
PORTFOLIO_OPTIMIZED,ES,2025-06-23 12:22:44.233118,SELL,3879.0,0.95,-0.01,3.0030000000000006,"['Portfolio Optimization', 'Correlation Analysis', 'Risk Management']",520.0612057368634,True,1247.7470886564663,0.96,2.7300000000000004,53253.86766234281
QUANTUM_INTRADAY_AI,EURUSD,2025-06-24 12:22:44.232982,BUY,1.07,0.96,-0.01,3.234,"['Enhanced 20-Criteria', 'AI Real-time', 'Market Structure', 'Session Timing']",332.51661760739916,True,793.5242646467086,0.97,2.94,34045.186025386625
PORTFOLIO_OPTIMIZED,GBPUSD,2025-06-30 12:22:44.233147,BUY,1.3,0.95,-0.01,3.0030000000000006,"['Portfolio Optimization', 'Correlation Analysis', 'Risk Management']",558.3971951868274,True,1661.7832965631105,0.96,2.7300000000000004,57501.50281524585
QUANTUM_INTRADAY_AI,USDJPY,2025-07-01 12:22:44.232835,SELL,142.0,0.96,-0.01,3.234,"['Enhanced 20-Criteria', 'AI Real-time', 'Market Structure', 'Session Timing']",183.476779418965,True,599.3031792421774,0.97,2.94,18946.98112113868
QUANTUM_INTRADAY_AI,GBPUSD,2025-07-02 12:22:44.232919,BUY,1.16,0.96,-0.01,3.542,"['Enhanced 20-Criteria', 'AI Real-time', 'Market Structure', 'Session Timing']",258.6712944271152,True,807.538098179852,0.98,3.2199999999999998,26674.667540891372
PORTFOLIO_OPTIMIZED,BTC,2025-07-02 12:22:44.233248,BUY,46756.0,0.95,-0.01,3.0030000000000006,"['Portfolio Optimization', 'Correlation Analysis', 'Risk Management']",822.7922240446252,True,2245.295457708421,0.96,2.7300000000000004,84524.51786217093
ENHANCED_ELITE_A_PLUS,ES,2025-07-03 12:22:44.232096,BUY,3811.0,0.94,-0.01,3.1185000000000005,"['Enhanced 20-Criteria', 'Market Structure', 'Portfolio Optimization']",11.585768817955536,True,32.75864881109606,0.95,2.8350000000000004,1191.3355306066496
QUANTUM_INTRADAY_AI,USDJPY,2025-07-06 12:22:44.233059,BUY,144.0,0.96,-0.01,3.234,"['Enhanced 20-Criteria', 'AI Real-time', 'Market Structure', 'Session Timing']",447.54410485477365,True,1554.2520580563619,0.97,2.94,46308.66254353373
QUANTUM_INTRADAY_AI,GBPUSD,2025-07-08 12:22:44.232691,BUY,1.39,0.96,-0.01,3.234,"['Enhanced 20-Criteria', 'AI Real-time', 'Market Structure', 'Session Timing']",103.3730811319346,True,274.1023910497125,0.97,2.94,10611.410504243173
QUANTUM_INTRADAY_AI,USDJPY,2025-07-08 12:22:44.232996,SELL,146.0,0.96,-0.01,3.234,"['Enhanced 20-Criteria', 'AI Real-time', 'Market Structure', 'Session Timing']",350.33693930282215,True,1156.3354131624355,0.97,2.94,36190.02934344465
ENHANCED_ULTRA_ELITE,GOLD,2025-07-17 12:22:44.232151,BUY,1907.0,0.97,-0.01,3.3495000000000004,"['Enhanced 20-Criteria', 'Market Structure', 'S/R Levels', 'Portfolio Optimization']",13.587869357424095,True,37.17148806829588,0.98,3.045,1395.9584238107054
PORTFOLIO_OPTIMIZED,GBPUSD,2025-07-18 12:22:44.233263,SELL,1.18,0.95,-0.01,3.0030000000000006,"['Portfolio Optimization', 'Correlation Analysis', 'Risk Management']",870.1211667052032,True,2275.370849581162,0.96,2.7300000000000004,89287.48752010148
QUANTUM_INTRADAY_AI,EURUSD,2025-07-19 12:22:44.232432,BUY,1.17,0.96,-0.01,3.234,"['Enhanced 20-Criteria', 'AI Real-time', 'Market Structure', 'Session Timing']",37.525783482446634,True,123.49251415019333,0.97,2.94,3876.0708623948567
QUANTUM_INTRADAY_AI,BTC,2025-07-24 12:22:44.232708,SELL,46988.0,0.96,-0.01,3.234,"['Enhanced 20-Criteria', 'AI Real-time', 'Market Structure', 'Session Timing']",110.11776926711283,True,304.24208329199917,0.97,2.94,11316.019010003283
QUANTUM_INTRADAY_AI,USDJPY,2025-07-25 12:22:44.232975,BUY,146.0,0.96,-0.01,3.542,"['Enhanced 20-Criteria', 'AI Real-time', 'Market Structure', 'Session Timing']",320.8676915094446,True,1164.8926097954577,0.98,3.2199999999999998,33251.66176073992
ENHANCED_ULTRA_ELITE,BTC,2025-07-27 12:22:44.232180,SELL,50720.0,0.97,0.0,3.3349999999999995,"['Enhanced 20-Criteria', 'Market Structure', 'S/R Levels', 'Portfolio Optimization']",15.47863052649362,True,54.46333012536841,0.99,3.3349999999999995,1602.3263827747303
ENHANCED_ELITE_A_PLUS,ES,2025-07-28 12:22:44.232002,BUY,4117.0,0.94,0.0,2.8350000000000004,"['Enhanced 20-Criteria', 'Market Structure', 'Portfolio Optimization']",8.406739927409381,True,19.185326914091828,0.95,2.8350000000000004,859.8593196550299
QUANTUM_INTRADAY_AI,GBPUSD,2025-08-03 12:22:44.232349,BUY,1.35,0.96,-0.01,3.234,"['Enhanced 20-Criteria', 'AI Real-time', 'Market Structure', 'Session Timing']",28.544457814295875,True,68.13806542714137,0.97,2.94,2922.583846856729
ENHANCED_ULTRA_ELITE,GBPUSD,2025-08-04 12:22:44.232224,BUY,1.29,0.97,-0.01,3.6685,"['Enhanced 20-Criteria', 'Market Structure', 'S/R Levels', 'Portfolio Optimization']",18.669046107773113,True,50.53949674931324,0.99,3.3349999999999995,1917.4441075266245
QUANTUM_INTRADAY_AI,GBPUSD,2025-08-04 12:22:44.232552,SELL,1.35,0.96,-0.01,3.234,"['Enhanced 20-Criteria', 'AI Real-time', 'Market Structure', 'Session Timing']",61.39074876455544,True,189.4819929380608,0.97,2.94,6328.556869393605
PORTFOLIO_OPTIMIZED,BTC,2025-08-05 12:22:44.233109,SELL,53883.0,0.95,-0.01,3.0030000000000006,"['Portfolio Optimization', 'Correlation Analysis', 'Risk Management']",507.6675760423542,True,1239.362969450925,0.96,2.7300000000000004,52006.12057368634
ENHANCED_ELITE_A_PLUS,ES,2025-08-08 12:22:44.231978,SELL,3910.0,0.94,0.0,2.8350000000000004,"['Enhanced 20-Criteria', 'Market Structure', 'Portfolio Optimization']",7.7029729449116395,True,21.472452622938356,0.95,2.8350000000000004,791.7697471141023
QUANTUM_INTRADAY_AI,BTC,2025-08-08 12:22:44.232381,SELL,54262.0,0.96,-0.01,3.542,"['Enhanced 20-Criteria', 'AI Real-time', 'Market Structure', 'Session Timing']",30.708446348153707,True,89.86638431080202,0.98,3.2199999999999998,3160.7110191261727
QUANTUM_ELITE_AI,GOLD,2025-08-10 12:22:44.232325,BUY,2061.0,0.99,-0.01,3.6960000000000006,"['Enhanced 20-Criteria', 'AI/ML Neural Networks', 'Portfolio Optimization', 'Market Structure']",26.663895998185552,True,97.26660473598719,0.995,3.3600000000000003,2763.6562045545425
ENHANCED_ELITE_A_PLUS,EURUSD,2025-08-11 12:22:44.231954,SELL,1.11,0.94,0.0,2.8350000000000004,"['Enhanced 20-Criteria', 'Market Structure', 'Portfolio Optimization']",7.0473664542102465,True,17.84038587981669,0.95,2.8350000000000004,722.5770313008413
ENHANCED_ELITE_A_PLUS,GBPUSD,2025-08-15 12:22:44.231940,SELL,1.29,0.94,0.0,2.8350000000000004,"['Enhanced 20-Criteria', 'Market Structure', 'Portfolio Optimization']",6.693644417672626,True,15.964147748038961,0.95,2.8350000000000004,685.3285895153016
QUANTUM_INTRADAY_AI,USDJPY,2025-08-16 12:22:44.232642,SELL,155.0,0.96,-0.01,3.542,"['Enhanced 20-Criteria', 'AI Real-time', 'Market Structure', 'Session Timing']",84.27970806740699,True,270.2891169999564,0.98,3.2199999999999998,8698.259923740656
ENHANCED_ELITE_A_PLUS,EURUSD,2025-08-21 12:22:44.231880,SELL,1.1,0.94,0.0,2.8350000000000004,"['Enhanced 20-Criteria', 'Market Structure', 'Portfolio Optimization']",5.487520121616753,True,16.135116634009712,0.95,2.8350000000000004,564.887128795685
QUANTUM_INTRADAY_AI,BTC,2025-08-21 12:22:44.232880,BUY,48888.0,0.96,-0.01,3.542,"['Enhanced 20-Criteria', 'AI Real-time', 'Market Structure', 'Session Timing']",221.522454770803,True,617.6198875918301,0.98,3.2199999999999998,22769.86536467213
QUANTUM_INTRADAY_AI,BTC,2025-08-23 12:22:44.232372,SELL,50860.0,0.96,-0.01,3.234,"['Enhanced 20-Criteria', 'AI Real-time', 'Market Structure', 'Session Timing']",31.018632674902733,False,-31.018632674902733,0.97,2.94,3070.8446348153707
QUANTUM_INTRADAY_AI,USDJPY,2025-08-24 12:22:44.232775,SELL,143.0,0.96,-0.01,3.542,"['Enhanced 20-Criteria', 'AI Real-time', 'Market Structure', 'Session Timing']",143.01518646922037,True,416.84607311250784,0.98,3.2199999999999998,14718.364720034544
QUANTUM_INTRADAY_AI,USDJPY,2025-08-27 12:22:44.232626,SELL,142.0,0.96,-0.01,3.234,"['Enhanced 20-Criteria', 'AI Real-time', 'Market Structure', 'Session Timing']",79.5550783174325,True,255.6463866098436,0.97,2.94,8211.154218353093
QUANTUM_INTRADAY_AI,BTC,2025-08-28 12:22:44.232784,BUY,47447.0,0.96,-0.01,3.234,"['Enhanced 20-Criteria', 'AI Real-time', 'Market Structure', 'Session Timing']",147.18364720034543,True,346.8180301249857,0.97,2.94,15065.182750159529
QUANTUM_INTRADAY_AI,EURUSD,2025-09-02 12:22:44.232604,SELL,1.04,0.96,-0.01,3.234,"['Enhanced 20-Criteria', 'AI Real-time', 'Market Structure', 'Session Timing']",75.6316294682062,False,-75.6316294682062,0.97,2.94,7487.531317352414
QUANTUM_ELITE_AI,GOLD,2025-09-03 12:22:44.232271,SELL,2133.0,0.99,-0.01,4.048,"['Enhanced 20-Criteria', 'AI/ML Neural Networks', 'Portfolio Optimization', 'Market Structure']",20.960744111294847,True,63.22071540892685,0.995,3.6799999999999997,2159.2951265384118
PORTFOLIO_OPTIMIZED,NQ,2025-09-03 12:22:44.233125,SELL,14324.0,0.95,0.0,2.9899999999999998,"['Portfolio Optimization', 'Correlation Analysis', 'Risk Management']",532.5386766234282,True,1873.7803941172838,0.97,2.9899999999999998,55127.64805646009
PORTFOLIO_OPTIMIZED,USDJPY,2025-09-05 12:22:44.233153,BUY,157.0,0.95,-0.01,3.0030000000000006,"['Portfolio Optimization', 'Correlation Analysis', 'Risk Management']",575.0150281524585,True,1676.720630432258,0.96,2.7300000000000004,59178.22344567811
QUANTUM_INTRADAY_AI,USDJPY,2025-09-06 12:22:44.232531,SELL,162.0,0.96,-0.01,3.542,"['Enhanced 20-Criteria', 'AI Real-time', 'Market Structure', 'Session Timing']",55.84079184111126,True,171.4880848957905,0.98,3.2199999999999998,5755.567269006917
QUANTUM_INTRADAY_AI,USDJPY,2025-09-13 12:22:44.232677,BUY,135.0,0.96,-0.01,3.542,"['Enhanced 20-Criteria', 'AI Real-time', 'Market Structure', 'Session Timing']",97.06455836477079,True,354.0095306167951,0.98,3.2199999999999998,10060.465367093873
ENHANCED_ELITE_A_PLUS,EURUSD,2025-09-14 12:22:44.231947,BUY,1.09,0.94,0.0,2.8350000000000004,"['Enhanced 20-Criteria', 'Market Structure', 'Portfolio Optimization']",6.853285895153016,True,19.408055905723046,0.95,2.8350000000000004,704.7366454210246
QUANTUM_ELITE_AI,BTC,2025-09-16 12:22:44.232332,SELL,45927.0,0.99,-0.01,3.6960000000000006,"['Enhanced 20-Criteria', 'AI/ML Neural Networks', 'Portfolio Optimization', 'Market Structure']",27.636562045545425,True,90.7895768750452,0.995,3.3600000000000003,2854.4457814295874
ENHANCED_ULTRA_ELITE,GOLD,2025-09-20 12:22:44.232119,SELL,1823.0,0.97,-0.01,3.3495000000000004,"['Enhanced 20-Criteria', 'Market Structure', 'S/R Levels', 'Portfolio Optimization']",11.913355306066496,True,42.79852329851505,0.98,3.045,1234.1340539051646
QUANTUM_ELITE_AI,BTC,2025-09-21 12:22:44.232302,SELL,52502.0,0.99,-0.01,4.048,"['Enhanced 20-Criteria', 'AI/ML Neural Networks', 'Portfolio Optimization', 'Market Structure']",23.8722914848289,True,77.29246631876609,0.995,3.6799999999999997,2464.5216148016557
ENHANCED_ELITE_A_PLUS,USDJPY,2025-09-23 12:22:44.231932,SELL,139.0,0.94,0.0,3.105,"['Enhanced 20-Criteria', 'Market Structure', 'Portfolio Optimization']",6.462053700397769,True,23.159071727485696,0.96,3.105,669.3644417672626
ENHANCED_ULTRA_ELITE,GOLD,2025-09-25 12:22:44.232255,SELL,2009.0,0.97,-0.01,3.6685,"['Enhanced 20-Criteria', 'Market Structure', 'S/R Levels', 'Portfolio Optimization']",20.21084464437978,True,74.98994669150694,0.99,3.3349999999999995,2096.074411129485
PORTFOLIO_OPTIMIZED,USDJPY,2025-09-27 12:22:44.233349,SELL,163.0,0.95,-0.01,3.0030000000000006,"['Portfolio Optimization', 'Correlation Analysis', 'Risk Management']",1192.920712827502,True,3862.3692933520983,0.96,2.7300000000000004,123154.4405761023
QUANTUM_INTRADAY_AI,BTC,2025-09-28 12:22:44.232737,BUY,50105.0,0.96,-0.01,3.234,"['Enhanced 20-Criteria', 'AI Real-time', 'Market Structure', 'Session Timing']",124.13780231149214,True,333.1815775824889,0.97,2.94,12746.961808731703
QUANTUM_INTRADAY_AI,USDJPY,2025-09-29 12:22:44.232960,SELL,143.0,0.96,-0.01,3.234,"['Enhanced 20-Criteria', 'AI Real-time', 'Market Structure', 'Session Timing']",300.7018090434619,True,865.7834293125121,0.97,2.94,30935.9643336587
PORTFOLIO_OPTIMIZED,NQ,2025-09-30 12:22:44.233174,SELL,14903.0,0.95,-0.01,3.289,"['Portfolio Optimization', 'Correlation Analysis', 'Risk Management']",627.3909346280806,True,1810.4236644807088,0.97,2.9899999999999998,64549.51712728877
QUANTUM_INTRADAY_AI,USDJPY,2025-10-01 12:22:44.232575,BUY,153.0,0.96,-0.01,3.542,"['Enhanced 20-Criteria', 'AI Real-time', 'Market Structure', 'Session Timing']",67.16403626456868,True,173.32150982490163,0.98,3.2199999999999998,6889.72513628177
QUANTUM_INTRADAY_AI,BTC,2025-10-03 12:22:44.232798,SELL,53450.0,0.96,-0.01,3.542,"['Enhanced 20-Criteria', 'AI Real-time', 'Market Structure', 'Session Timing']",155.95410776924203,True,566.3488739911513,0.98,3.2199999999999998,16161.759650915354
QUANTUM_INTRADAY_AI,USDJPY,2025-10-04 12:22:44.232610,BUY,135.0,0.96,-0.01,3.234,"['Enhanced 20-Criteria', 'AI Real-time', 'Market Structure', 'Session Timing']",74.87531317352413,True,198.6099233650347,0.97,2.94,7686.141240717448
ENHANCED_ELITE_A_PLUS,ES,2025-10-05 12:22:44.231987,BUY,4486.0,0.94,0.0,3.105,"['Enhanced 20-Criteria', 'Market Structure', 'Portfolio Optimization']",7.9176974711410235,True,24.956413702562486,0.96,3.105,816.7261608166648
QUANTUM_INTRADAY_AI,GBPUSD,2025-10-06 12:22:44.232582,SELL,1.37,0.96,-0.01,3.542,"['Enhanced 20-Criteria', 'AI Real-time', 'Market Structure', 'Session Timing']",68.8972513628177,True,245.747365084561,0.98,3.2199999999999998,7135.472501366331
QUANTUM_INTRADAY_AI,EURUSD,2025-10-12 12:22:44.232664,BUY,1.12,0.96,-0.01,3.234,"['Enhanced 20-Criteria', 'AI Real-time', 'Market Structure', 'Session Timing']",91.35827018417388,True,319.66497873544245,0.97,2.94,9455.491997152829
PORTFOLIO_OPTIMIZED,ES,2025-10-14 12:22:44.233091,SELL,4245.0,0.95,-0.01,3.0030000000000006,"['Portfolio Optimization', 'Correlation Analysis', 'Risk Management']",492.8957331624985,True,1477.1842879855678,0.96,2.7300000000000004,50766.75760423542
QUANTUM_INTRADAY_AI,BTC,2025-10-17 12:22:44.232805,BUY,46474.0,0.96,-0.01,3.234,"['Enhanced 20-Criteria', 'AI Real-time', 'Market Structure', 'Session Timing']",161.61759650915354,True,538.6520788116576,0.97,2.94,16700.41172972701
QUANTUM_INTRADAY_AI,EURUSD,2025-10-19 12:22:44.232567,SELL,1.03,0.96,-0.01,3.234,"['Enhanced 20-Criteria', 'AI Real-time', 'Market Structure', 'Session Timing']",65.02069055707963,True,214.33457074890396,0.97,2.94,6716.403626456868
QUANTUM_INTRADAY_AI,EURUSD,2025-10-21 12:22:44.232365,BUY,1.16,0.96,-0.01,3.542,"['Enhanced 20-Criteria', 'AI Real-time', 'Market Structure', 'Session Timing']",30.12608533715882,True,89.25473377439151,0.98,3.2199999999999998,3101.8632674902733
QUANTUM_INTRADAY_AI,USDJPY,2025-10-25 12:22:44.232889,SELL,161.0,0.96,-0.01,3.542,"['Enhanced 20-Criteria', 'AI Real-time', 'Market Structure', 'Session Timing']",227.69865364672128,True,829.0155947247941,0.98,3.2199999999999998,23598.880959396924
QUANTUM_INTRADAY_AI,USDJPY,2025-10-29 12:22:44.232596,SELL,146.0,0.96,-0.01,3.234,"['Enhanced 20-Criteria', 'AI Real-time', 'Market Structure', 'Session Timing']",73.22756760026446,True,240.40618679417491,0.97,2.94,7563.16294682062
ENHANCED_ELITE_A_PLUS,ES,2025-11-05 12:22:44.232078,BUY,4129.0,0.94,-0.01,3.1185000000000005,"['Enhanced 20-Criteria', 'Market Structure', 'Portfolio Optimization']",10.991277819185266,True,28.69611452515001,0.95,2.8350000000000004,1127.8238964436766
QUANTUM_INTRADAY_AI,USDJPY,2025-11-05 12:22:44.233021,BUY,139.0,0.96,-0.01,3.542,"['Enhanced 20-Criteria', 'AI Real-time', 'Market Structure', 'Session Timing']",382.28314005941326,True,1174.151945899914,0.98,3.2199999999999998,39402.465951841245
PORTFOLIO_OPTIMIZED,EURUSD,2025-11-06 12:22:44.233227,BUY,1.06,0.95,-0.01,3.0030000000000006,"['Portfolio Optimization', 'Correlation Analysis', 'Risk Management']",762.6794192826716,True,1708.8502561470116,0.96,2.7300000000000004,77976.79218441417
ENHANCED_ELITE_A_PLUS,GBPUSD,2025-11-09 12:22:44.231916,SELL,1.15,0.94,0.0,2.8350000000000004,"['Enhanced 20-Criteria', 'Market Structure', 'Portfolio Optimization']",6.046746264739176,True,19.138138179379123,0.95,2.8350000000000004,623.8127646532967
QUANTUM_INTRADAY_AI,USDJPY,2025-11-12 12:22:44.232731,SELL,157.0,0.96,-0.01,3.234,"['Enhanced 20-Criteria', 'AI Real-time', 'Market Structure', 'Session Timing']",120.56686227891478,True,357.09400325773566,0.97,2.94,12413.780231149214
QUANTUM_INTRADAY_AI,BTC,2025-11-14 12:22:44.232989,BUY,53226.0,0.96,-0.01,3.234,"['Enhanced 20-Criteria', 'AI Real-time', 'Market Structure', 'Session Timing']",340.45186025386624,True,988.507904895586,0.97,2.94,35033.693930282214
ENHANCED_ULTRA_ELITE,EURUSD,2025-11-15 12:22:44.232209,BUY,1.12,0.97,-0.01,3.3495000000000004,"['Enhanced 20-Criteria', 'Market Structure', 'S/R Levels', 'Portfolio Optimization']",17.669651506870498,True,50.983694855274194,0.98,3.045,1817.9488455423239
QUANTUM_INTRADAY_AI,EURUSD,2025-11-19 12:22:44.232589,SELL,1.11,0.96,-0.01,3.234,"['Enhanced 20-Criteria', 'AI Real-time', 'Market Structure', 'Session Timing']",71.35472501366331,True,187.28425866011494,0.97,2.94,7322.756760026446
ENHANCED_ELITE_A_PLUS,GOLD,2025-11-26 12:22:44.231971,SELL,1988.0,0.94,-0.01,3.1185000000000005,"['Enhanced 20-Criteria', 'Market Structure', 'Portfolio Optimization']",7.488446853878462,True,21.452609103317695,0.95,2.8350000000000004,770.2972944911639
QUANTUM_INTRADAY_AI,BTC,2025-11-27 12:22:44.232945,BUY,50574.0,0.96,-0.01,3.234,"['Enhanced 20-Criteria', 'AI Real-time', 'Market Structure', 'Session Timing']",282.84805894057797,True,686.7177798319234,0.97,2.94,28971.52367388972
ENHANCED_ELITE_A_PLUS,NQ,2025-12-04 12:22:44.231995,SELL,16521.0,0.94,0.0,3.105,"['Enhanced 20-Criteria', 'Market Structure', 'Portfolio Optimization']",8.167261608166648,True,23.947831924273338,0.96,3.105,840.6739927409382
QUANTUM_INTRADAY_AI,EURUSD,2025-12-04 12:22:44.232715,SELL,1.02,0.96,-0.01,3.234,"['Enhanced 20-Criteria', 'AI Real-time', 'Market Structure', 'Session Timing']",113.16019010003284,True,348.86240390433017,0.97,2.94,11664.881413907613
PORTFOLIO_OPTIMIZED,NQ,2025-12-06 12:22:44.233167,SELL,14660.0,0.95,-0.01,3.289,"['Portfolio Optimization', 'Correlation Analysis', 'Risk Management']",606.8541436362033,True,2053.679099187724,0.97,2.9899999999999998,62739.09346280806
ENHANCED_ULTRA_ELITE,GBPUSD,2025-12-11 12:22:44.232216,BUY,1.31,0.97,-0.01,3.3495000000000004,"['Enhanced 20-Criteria', 'Market Structure', 'S/R Levels', 'Portfolio Optimization']",18.17948845542324,True,48.95576523498743,0.98,3.045,1866.9046107773113
ENHANCED_ELITE_A_PLUS,GOLD,2025-12-14 12:22:44.231891,SELL,2185.0,0.94,0.0,2.8350000000000004,"['Enhanced 20-Criteria', 'Market Structure', 'Portfolio Optimization']",5.64887128795685,True,18.46182691353675,0.95,2.8350000000000004,583.3489557092217
QUANTUM_INTRADAY_AI,EURUSD,2025-12-14 12:22:44.232618,BUY,1.17,0.96,-0.01,3.234,"['Enhanced 20-Criteria', 'AI Real-time', 'Market Structure', 'Session Timing']",76.86141240717448,True,269.3665910258013,0.97,2.94,7955.50783174325
QUANTUM_INTRADAY_AI,EURUSD,2025-12-14 12:22:44.233066,BUY,0.99,0.96,-0.01,3.234,"['Enhanced 20-Criteria', 'AI Real-time', 'Market Structure', 'Session Timing']",463.0866254353373,True,1498.7375574072742,0.97,2.94,47807.400100941
PORTFOLIO_OPTIMIZED,BTC,2025-12-14 12:22:44.233139,SELL,47155.0,0.95,-0.01,3.0030000000000006,"['Portfolio Optimization', 'Correlation Analysis', 'Risk Management']",545.763715758955,True,1263.3479427872478,0.96,2.7300000000000004,55839.71951868274
PORTFOLIO_OPTIMIZED,NQ,2025-12-14 12:22:44.233198,BUY,15676.0,0.95,-0.01,3.289,"['Portfolio Optimization', 'Correlation Analysis', 'Risk Management']",679.9834812142398,True,2432.812354926742,0.97,2.9899999999999998,70431.16047635072
QUANTUM_INTRADAY_AI,BTC,2025-12-17 12:22:44.232649,BUY,47350.0,0.96,-0.01,3.234,"['Enhanced 20-Criteria', 'AI Real-time', 'Market Structure', 'Session Timing']",86.98259923740656,True,225.05373406802744,0.97,2.94,8923.313657808683
QUANTUM_INTRADAY_AI,EURUSD,2025-12-18 12:22:44.232685,SELL,1.08,0.96,-0.01,3.234,"['Enhanced 20-Criteria', 'AI Real-time', 'Market Structure', 'Session Timing']",100.60465367093873,True,276.8427460995859,0.97,2.94,10337.30811319346
